ra,dec
5.278010e+01,-2.835527e+01
5.278010e+01,-2.835527e+01
5.278010e+01,-2.835527e+01
5.278010e+01,-2.835527e+01
5.278010e+01,-2.835527e+01
5.269935e+01,-2.825595e+01
5.269935e+01,-2.825595e+01
5.269935e+01,-2.825595e+01
5.269935e+01,-2.825595e+01
5.269935e+01,-2.825595e+01
5.287326e+01,-2.847929e+01
5.287326e+01,-2.847929e+01
5.287326e+01,-2.847929e+01
5.287326e+01,-2.847929e+01
5.287326e+01,-2.847929e+01
5.282949e+01,-2.847911e+01
5.282949e+01,-2.847911e+01
5.282949e+01,-2.847911e+01
5.282949e+01,-2.847911e+01
5.282949e+01,-2.847911e+01
5.278378e+01,-2.846749e+01
5.278378e+01,-2.846749e+01
5.278378e+01,-2.846749e+01
5.278378e+01,-2.846749e+01
5.278378e+01,-2.846749e+01
5.275623e+01,-2.846543e+01
5.275623e+01,-2.846543e+01
5.275623e+01,-2.846543e+01
5.275623e+01,-2.846543e+01
5.275623e+01,-2.846543e+01
5.280212e+01,-2.845478e+01
5.280212e+01,-2.845478e+01
5.280212e+01,-2.845478e+01
5.280212e+01,-2.845478e+01
5.280212e+01,-2.845478e+01
5.273031e+01,-2.845230e+01
5.273031e+01,-2.845230e+01
5.273031e+01,-2.845230e+01
5.273031e+01,-2.845230e+01
5.273031e+01,-2.845230e+01
5.271971e+01,-2.844542e+01
5.271971e+01,-2.844542e+01
5.271971e+01,-2.844542e+01
5.271971e+01,-2.844542e+01
5.271971e+01,-2.844542e+01
5.290169e+01,-2.843520e+01
5.290169e+01,-2.843520e+01
5.290169e+01,-2.843520e+01
5.290169e+01,-2.843520e+01
5.290169e+01,-2.843520e+01
5.275652e+01,-2.844097e+01
5.275652e+01,-2.844097e+01
5.275652e+01,-2.844097e+01
5.275652e+01,-2.844097e+01
5.275652e+01,-2.844097e+01
5.289885e+01,-2.843188e+01
5.289885e+01,-2.843188e+01
5.289885e+01,-2.843188e+01
5.289885e+01,-2.843188e+01
5.289885e+01,-2.843188e+01
5.277358e+01,-2.842959e+01
5.277358e+01,-2.842959e+01
5.277358e+01,-2.842959e+01
5.277358e+01,-2.842959e+01
5.277358e+01,-2.842959e+01
5.273226e+01,-2.843448e+01
5.273226e+01,-2.843448e+01
5.273226e+01,-2.843448e+01
5.273226e+01,-2.843448e+01
5.273226e+01,-2.843448e+01
5.276303e+01,-2.842870e+01
5.276303e+01,-2.842870e+01
5.276303e+01,-2.842870e+01
5.276303e+01,-2.842870e+01
5.276303e+01,-2.842870e+01
5.273365e+01,-2.842409e+01
5.273365e+01,-2.842409e+01
5.273365e+01,-2.842409e+01
5.273365e+01,-2.842409e+01
5.273365e+01,-2.842409e+01
5.273319e+01,-2.842394e+01
5.273319e+01,-2.842394e+01
5.273319e+01,-2.842394e+01
5.273319e+01,-2.842394e+01
5.273319e+01,-2.842394e+01
5.272885e+01,-2.842494e+01
5.272885e+01,-2.842494e+01
5.272885e+01,-2.842494e+01
5.272885e+01,-2.842494e+01
5.272885e+01,-2.842494e+01
5.282992e+01,-2.841709e+01
5.282992e+01,-2.841709e+01
5.282992e+01,-2.841709e+01
5.282992e+01,-2.841709e+01
5.282992e+01,-2.841709e+01
5.270858e+01,-2.841575e+01
5.270858e+01,-2.841575e+01
5.270858e+01,-2.841575e+01
5.270858e+01,-2.841575e+01
5.270858e+01,-2.841575e+01
5.275188e+01,-2.840809e+01
5.275188e+01,-2.840809e+01
5.275188e+01,-2.840809e+01
5.275188e+01,-2.840809e+01
5.275188e+01,-2.840809e+01
5.274836e+01,-2.841207e+01
5.274836e+01,-2.841207e+01
5.274836e+01,-2.841207e+01
5.274836e+01,-2.841207e+01
5.274836e+01,-2.841207e+01
5.282038e+01,-2.840119e+01
5.282038e+01,-2.840119e+01
5.282038e+01,-2.840119e+01
5.282038e+01,-2.840119e+01
5.282038e+01,-2.840119e+01
5.279938e+01,-2.840544e+01
5.279938e+01,-2.840544e+01
5.279938e+01,-2.840544e+01
5.279938e+01,-2.840544e+01
5.279938e+01,-2.840544e+01
5.272154e+01,-2.840222e+01
5.272154e+01,-2.840222e+01
5.272154e+01,-2.840222e+01
5.272154e+01,-2.840222e+01
5.272154e+01,-2.840222e+01
5.272576e+01,-2.838226e+01
5.272576e+01,-2.838226e+01
5.272576e+01,-2.838226e+01
5.272576e+01,-2.838226e+01
5.272576e+01,-2.838226e+01
5.271232e+01,-2.837262e+01
5.271232e+01,-2.837262e+01
5.271232e+01,-2.837262e+01
5.271232e+01,-2.837262e+01
5.271232e+01,-2.837262e+01
5.274295e+01,-2.835877e+01
5.274295e+01,-2.835877e+01
5.274295e+01,-2.835877e+01
5.274295e+01,-2.835877e+01
5.274295e+01,-2.835877e+01
5.275933e+01,-2.832178e+01
5.275933e+01,-2.832178e+01
5.275933e+01,-2.832178e+01
5.275933e+01,-2.832178e+01
5.275933e+01,-2.832178e+01
5.287255e+01,-2.830115e+01
5.287255e+01,-2.830115e+01
5.287255e+01,-2.830115e+01
5.287255e+01,-2.830115e+01
5.287255e+01,-2.830115e+01
5.278326e+01,-2.828466e+01
5.278326e+01,-2.828466e+01
5.278326e+01,-2.828466e+01
5.278326e+01,-2.828466e+01
5.278326e+01,-2.828466e+01
5.290221e+01,-2.828230e+01
5.290221e+01,-2.828230e+01
5.290221e+01,-2.828230e+01
5.290221e+01,-2.828230e+01
5.290221e+01,-2.828230e+01
5.273872e+01,-2.827826e+01
5.273872e+01,-2.827826e+01
5.273872e+01,-2.827826e+01
5.273872e+01,-2.827826e+01
5.273872e+01,-2.827826e+01
5.274132e+01,-2.826973e+01
5.274132e+01,-2.826973e+01
5.274132e+01,-2.826973e+01
5.274132e+01,-2.826973e+01
5.274132e+01,-2.826973e+01
5.272758e+01,-2.825502e+01
5.272758e+01,-2.825502e+01
5.272758e+01,-2.825502e+01
5.272758e+01,-2.825502e+01
5.272758e+01,-2.825502e+01
5.272825e+01,-2.843532e+01
5.272825e+01,-2.843532e+01
5.272825e+01,-2.843532e+01
5.272825e+01,-2.843532e+01
5.272825e+01,-2.843532e+01
5.349566e+01,-2.844221e+01
5.349566e+01,-2.844221e+01
5.349566e+01,-2.844221e+01
5.349566e+01,-2.844221e+01
5.349566e+01,-2.844221e+01
5.333779e+01,-2.826443e+01
5.333779e+01,-2.826443e+01
5.333779e+01,-2.826443e+01
5.333779e+01,-2.826443e+01
5.333779e+01,-2.826443e+01
5.324264e+01,-2.833163e+01
5.324264e+01,-2.833163e+01
5.324264e+01,-2.833163e+01
5.324264e+01,-2.833163e+01
5.324264e+01,-2.833163e+01
5.301710e+01,-2.827075e+01
5.301710e+01,-2.827075e+01
5.301710e+01,-2.827075e+01
5.301710e+01,-2.827075e+01
5.301710e+01,-2.827075e+01
5.315034e+01,-2.859677e+01
5.315034e+01,-2.859677e+01
5.315034e+01,-2.859677e+01
5.315034e+01,-2.859677e+01
5.315034e+01,-2.859677e+01
5.300336e+01,-2.857488e+01
5.300336e+01,-2.857488e+01
5.300336e+01,-2.857488e+01
5.300336e+01,-2.857488e+01
5.300336e+01,-2.857488e+01
5.305580e+01,-2.856747e+01
5.305580e+01,-2.856747e+01
5.305580e+01,-2.856747e+01
5.305580e+01,-2.856747e+01
5.305580e+01,-2.856747e+01
5.335832e+01,-2.855613e+01
5.335832e+01,-2.855613e+01
5.335832e+01,-2.855613e+01
5.335832e+01,-2.855613e+01
5.335832e+01,-2.855613e+01
5.323408e+01,-2.855485e+01
5.323408e+01,-2.855485e+01
5.323408e+01,-2.855485e+01
5.323408e+01,-2.855485e+01
5.323408e+01,-2.855485e+01
5.321858e+01,-2.855608e+01
5.321858e+01,-2.855608e+01
5.321858e+01,-2.855608e+01
5.321858e+01,-2.855608e+01
5.321858e+01,-2.855608e+01
5.320957e+01,-2.855205e+01
5.320957e+01,-2.855205e+01
5.320957e+01,-2.855205e+01
5.320957e+01,-2.855205e+01
5.320957e+01,-2.855205e+01
5.322131e+01,-2.854383e+01
5.322131e+01,-2.854383e+01
5.322131e+01,-2.854383e+01
5.322131e+01,-2.854383e+01
5.322131e+01,-2.854383e+01
5.320436e+01,-2.854678e+01
5.320436e+01,-2.854678e+01
5.320436e+01,-2.854678e+01
5.320436e+01,-2.854678e+01
5.320436e+01,-2.854678e+01
5.320369e+01,-2.854612e+01
5.320369e+01,-2.854612e+01
5.320369e+01,-2.854612e+01
5.320369e+01,-2.854612e+01
5.320369e+01,-2.854612e+01
5.315272e+01,-2.854159e+01
5.315272e+01,-2.854159e+01
5.315272e+01,-2.854159e+01
5.315272e+01,-2.854159e+01
5.315272e+01,-2.854159e+01
5.315019e+01,-2.853847e+01
5.315019e+01,-2.853847e+01
5.315019e+01,-2.853847e+01
5.315019e+01,-2.853847e+01
5.315019e+01,-2.853847e+01
5.314985e+01,-2.853914e+01
5.314985e+01,-2.853914e+01
5.314985e+01,-2.853914e+01
5.314985e+01,-2.853914e+01
5.314985e+01,-2.853914e+01
5.302609e+01,-2.853558e+01
5.302609e+01,-2.853558e+01
5.302609e+01,-2.853558e+01
5.302609e+01,-2.853558e+01
5.302609e+01,-2.853558e+01
5.322428e+01,-2.852790e+01
5.322428e+01,-2.852790e+01
5.322428e+01,-2.852790e+01
5.322428e+01,-2.852790e+01
5.322428e+01,-2.852790e+01
5.327891e+01,-2.852665e+01
5.327891e+01,-2.852665e+01
5.327891e+01,-2.852665e+01
5.327891e+01,-2.852665e+01
5.327891e+01,-2.852665e+01
5.330148e+01,-2.851784e+01
5.330148e+01,-2.851784e+01
5.330148e+01,-2.851784e+01
5.330148e+01,-2.851784e+01
5.330148e+01,-2.851784e+01
5.319627e+01,-2.851479e+01
5.319627e+01,-2.851479e+01
5.319627e+01,-2.851479e+01
5.319627e+01,-2.851479e+01
5.319627e+01,-2.851479e+01
5.299163e+01,-2.851413e+01
5.299163e+01,-2.851413e+01
5.299163e+01,-2.851413e+01
5.299163e+01,-2.851413e+01
5.299163e+01,-2.851413e+01
5.326846e+01,-2.850907e+01
5.326846e+01,-2.850907e+01
5.326846e+01,-2.850907e+01
5.326846e+01,-2.850907e+01
5.326846e+01,-2.850907e+01
5.320906e+01,-2.851085e+01
5.320906e+01,-2.851085e+01
5.320906e+01,-2.851085e+01
5.320906e+01,-2.851085e+01
5.320906e+01,-2.851085e+01
5.336053e+01,-2.850133e+01
5.336053e+01,-2.850133e+01
5.336053e+01,-2.850133e+01
5.336053e+01,-2.850133e+01
5.336053e+01,-2.850133e+01
5.334938e+01,-2.850562e+01
5.334938e+01,-2.850562e+01
5.334938e+01,-2.850562e+01
5.334938e+01,-2.850562e+01
5.334938e+01,-2.850562e+01
5.320617e+01,-2.850606e+01
5.320617e+01,-2.850606e+01
5.320617e+01,-2.850606e+01
5.320617e+01,-2.850606e+01
5.320617e+01,-2.850606e+01
5.344988e+01,-2.850000e+01
5.344988e+01,-2.850000e+01
5.344988e+01,-2.850000e+01
5.344988e+01,-2.850000e+01
5.344988e+01,-2.850000e+01
5.328744e+01,-2.849142e+01
5.328744e+01,-2.849142e+01
5.328744e+01,-2.849142e+01
5.328744e+01,-2.849142e+01
5.328744e+01,-2.849142e+01
5.316582e+01,-2.849304e+01
5.316582e+01,-2.849304e+01
5.316582e+01,-2.849304e+01
5.316582e+01,-2.849304e+01
5.316582e+01,-2.849304e+01
5.322126e+01,-2.845386e+01
5.322126e+01,-2.845386e+01
5.322126e+01,-2.845386e+01
5.322126e+01,-2.845386e+01
5.322126e+01,-2.845386e+01
5.324389e+01,-2.845179e+01
5.324389e+01,-2.845179e+01
5.324389e+01,-2.845179e+01
5.324389e+01,-2.845179e+01
5.324389e+01,-2.845179e+01
5.331658e+01,-2.848147e+01
5.331658e+01,-2.848147e+01
5.331658e+01,-2.848147e+01
5.331658e+01,-2.848147e+01
5.331658e+01,-2.848147e+01
5.328584e+01,-2.848422e+01
5.328584e+01,-2.848422e+01
5.328584e+01,-2.848422e+01
5.328584e+01,-2.848422e+01
5.328584e+01,-2.848422e+01
5.325554e+01,-2.848355e+01
5.325554e+01,-2.848355e+01
5.325554e+01,-2.848355e+01
5.325554e+01,-2.848355e+01
5.325554e+01,-2.848355e+01
5.323712e+01,-2.848170e+01
5.323712e+01,-2.848170e+01
5.323712e+01,-2.848170e+01
5.323712e+01,-2.848170e+01
5.323712e+01,-2.848170e+01
5.321095e+01,-2.848650e+01
5.321095e+01,-2.848650e+01
5.321095e+01,-2.848650e+01
5.321095e+01,-2.848650e+01
5.321095e+01,-2.848650e+01
5.320142e+01,-2.848493e+01
5.320142e+01,-2.848493e+01
5.320142e+01,-2.848493e+01
5.320142e+01,-2.848493e+01
5.320142e+01,-2.848493e+01
5.318400e+01,-2.848250e+01
5.318400e+01,-2.848250e+01
5.318400e+01,-2.848250e+01
5.318400e+01,-2.848250e+01
5.318400e+01,-2.848250e+01
5.319279e+01,-2.846184e+01
5.319279e+01,-2.846184e+01
5.319279e+01,-2.846184e+01
5.319279e+01,-2.846184e+01
5.319279e+01,-2.846184e+01
5.328846e+01,-2.845994e+01
5.328846e+01,-2.845994e+01
5.328846e+01,-2.845994e+01
5.328846e+01,-2.845994e+01
5.328846e+01,-2.845994e+01
5.322201e+01,-2.845331e+01
5.322201e+01,-2.845331e+01
5.322201e+01,-2.845331e+01
5.322201e+01,-2.845331e+01
5.322201e+01,-2.845331e+01
5.318808e+01,-2.844944e+01
5.318808e+01,-2.844944e+01
5.318808e+01,-2.844944e+01
5.318808e+01,-2.844944e+01
5.318808e+01,-2.844944e+01
5.316436e+01,-2.844146e+01
5.316436e+01,-2.844146e+01
5.316436e+01,-2.844146e+01
5.316436e+01,-2.844146e+01
5.316436e+01,-2.844146e+01
5.315955e+01,-2.844428e+01
5.315955e+01,-2.844428e+01
5.315955e+01,-2.844428e+01
5.315955e+01,-2.844428e+01
5.315955e+01,-2.844428e+01
5.297774e+01,-2.844101e+01
5.297774e+01,-2.844101e+01
5.297774e+01,-2.844101e+01
5.297774e+01,-2.844101e+01
5.297774e+01,-2.844101e+01
5.341353e+01,-2.843552e+01
5.341353e+01,-2.843552e+01
5.341353e+01,-2.843552e+01
5.341353e+01,-2.843552e+01
5.341353e+01,-2.843552e+01
5.295728e+01,-2.843281e+01
5.295728e+01,-2.843281e+01
5.295728e+01,-2.843281e+01
5.295728e+01,-2.843281e+01
5.295728e+01,-2.843281e+01
5.349386e+01,-2.841950e+01
5.349386e+01,-2.841950e+01
5.349386e+01,-2.841950e+01
5.349386e+01,-2.841950e+01
5.349386e+01,-2.841950e+01
5.336945e+01,-2.842165e+01
5.336945e+01,-2.842165e+01
5.336945e+01,-2.842165e+01
5.336945e+01,-2.842165e+01
5.336945e+01,-2.842165e+01
5.315549e+01,-2.841720e+01
5.315549e+01,-2.841720e+01
5.315549e+01,-2.841720e+01
5.315549e+01,-2.841720e+01
5.315549e+01,-2.841720e+01
5.305819e+01,-2.840683e+01
5.305819e+01,-2.840683e+01
5.305819e+01,-2.840683e+01
5.305819e+01,-2.840683e+01
5.305819e+01,-2.840683e+01
5.297237e+01,-2.840543e+01
5.297237e+01,-2.840543e+01
5.297237e+01,-2.840543e+01
5.297237e+01,-2.840543e+01
5.297237e+01,-2.840543e+01
5.330753e+01,-2.840141e+01
5.330753e+01,-2.840141e+01
5.330753e+01,-2.840141e+01
5.330753e+01,-2.840141e+01
5.330753e+01,-2.840141e+01
5.320436e+01,-2.840019e+01
5.320436e+01,-2.840019e+01
5.320436e+01,-2.840019e+01
5.320436e+01,-2.840019e+01
5.320436e+01,-2.840019e+01
5.300280e+01,-2.838399e+01
5.300280e+01,-2.838399e+01
5.300280e+01,-2.838399e+01
5.300280e+01,-2.838399e+01
5.300280e+01,-2.838399e+01
5.295033e+01,-2.837974e+01
5.295033e+01,-2.837974e+01
5.295033e+01,-2.837974e+01
5.295033e+01,-2.837974e+01
5.295033e+01,-2.837974e+01
5.320377e+01,-2.837208e+01
5.320377e+01,-2.837208e+01
5.320377e+01,-2.837208e+01
5.320377e+01,-2.837208e+01
5.320377e+01,-2.837208e+01
5.300962e+01,-2.837333e+01
5.300962e+01,-2.837333e+01
5.300962e+01,-2.837333e+01
5.300962e+01,-2.837333e+01
5.300962e+01,-2.837333e+01
5.304766e+01,-2.836291e+01
5.304766e+01,-2.836291e+01
5.304766e+01,-2.836291e+01
5.304766e+01,-2.836291e+01
5.304766e+01,-2.836291e+01
5.300223e+01,-2.836442e+01
5.300223e+01,-2.836442e+01
5.300223e+01,-2.836442e+01
5.300223e+01,-2.836442e+01
5.300223e+01,-2.836442e+01
5.337200e+01,-2.836063e+01
5.337200e+01,-2.836063e+01
5.337200e+01,-2.836063e+01
5.337200e+01,-2.836063e+01
5.337200e+01,-2.836063e+01
5.302533e+01,-2.835828e+01
5.302533e+01,-2.835828e+01
5.302533e+01,-2.835828e+01
5.302533e+01,-2.835828e+01
5.302533e+01,-2.835828e+01
5.318028e+01,-2.834750e+01
5.318028e+01,-2.834750e+01
5.318028e+01,-2.834750e+01
5.318028e+01,-2.834750e+01
5.318028e+01,-2.834750e+01
5.295004e+01,-2.834639e+01
5.295004e+01,-2.834639e+01
5.295004e+01,-2.834639e+01
5.295004e+01,-2.834639e+01
5.295004e+01,-2.834639e+01
5.319098e+01,-2.834101e+01
5.319098e+01,-2.834101e+01
5.319098e+01,-2.834101e+01
5.319098e+01,-2.834101e+01
5.319098e+01,-2.834101e+01
5.344225e+01,-2.833616e+01
5.344225e+01,-2.833616e+01
5.344225e+01,-2.833616e+01
5.344225e+01,-2.833616e+01
5.344225e+01,-2.833616e+01
5.344167e+01,-2.833535e+01
5.344167e+01,-2.833535e+01
5.344167e+01,-2.833535e+01
5.344167e+01,-2.833535e+01
5.344167e+01,-2.833535e+01
5.300128e+01,-2.833092e+01
5.300128e+01,-2.833092e+01
5.300128e+01,-2.833092e+01
5.300128e+01,-2.833092e+01
5.300128e+01,-2.833092e+01
5.299112e+01,-2.833758e+01
5.299112e+01,-2.833758e+01
5.299112e+01,-2.833758e+01
5.299112e+01,-2.833758e+01
5.299112e+01,-2.833758e+01
5.299090e+01,-2.833691e+01
5.299090e+01,-2.833691e+01
5.299090e+01,-2.833691e+01
5.299090e+01,-2.833691e+01
5.299090e+01,-2.833691e+01
5.300683e+01,-2.832887e+01
5.300683e+01,-2.832887e+01
5.300683e+01,-2.832887e+01
5.300683e+01,-2.832887e+01
5.300683e+01,-2.832887e+01
5.318868e+01,-2.831888e+01
5.318868e+01,-2.831888e+01
5.318868e+01,-2.831888e+01
5.318868e+01,-2.831888e+01
5.318868e+01,-2.831888e+01
5.317562e+01,-2.831674e+01
5.317562e+01,-2.831674e+01
5.317562e+01,-2.831674e+01
5.317562e+01,-2.831674e+01
5.317562e+01,-2.831674e+01
5.302667e+01,-2.831742e+01
5.302667e+01,-2.831742e+01
5.302667e+01,-2.831742e+01
5.302667e+01,-2.831742e+01
5.302667e+01,-2.831742e+01
5.298745e+01,-2.831841e+01
5.298745e+01,-2.831841e+01
5.298745e+01,-2.831841e+01
5.298745e+01,-2.831841e+01
5.298745e+01,-2.831841e+01
5.297595e+01,-2.831797e+01
5.297595e+01,-2.831797e+01
5.297595e+01,-2.831797e+01
5.297595e+01,-2.831797e+01
5.297595e+01,-2.831797e+01
5.297533e+01,-2.831930e+01
5.297533e+01,-2.831930e+01
5.297533e+01,-2.831930e+01
5.297533e+01,-2.831930e+01
5.297533e+01,-2.831930e+01
5.298832e+01,-2.831392e+01
5.298832e+01,-2.831392e+01
5.298832e+01,-2.831392e+01
5.298832e+01,-2.831392e+01
5.298832e+01,-2.831392e+01
5.320973e+01,-2.830448e+01
5.320973e+01,-2.830448e+01
5.320973e+01,-2.830448e+01
5.320973e+01,-2.830448e+01
5.320973e+01,-2.830448e+01
5.318213e+01,-2.830379e+01
5.318213e+01,-2.830379e+01
5.318213e+01,-2.830379e+01
5.318213e+01,-2.830379e+01
5.318213e+01,-2.830379e+01
5.311397e+01,-2.830620e+01
5.311397e+01,-2.830620e+01
5.311397e+01,-2.830620e+01
5.311397e+01,-2.830620e+01
5.311397e+01,-2.830620e+01
5.336077e+01,-2.829841e+01
5.336077e+01,-2.829841e+01
5.336077e+01,-2.829841e+01
5.336077e+01,-2.829841e+01
5.336077e+01,-2.829841e+01
5.320257e+01,-2.829960e+01
5.320257e+01,-2.829960e+01
5.320257e+01,-2.829960e+01
5.320257e+01,-2.829960e+01
5.320257e+01,-2.829960e+01
5.342245e+01,-2.829204e+01
5.342245e+01,-2.829204e+01
5.342245e+01,-2.829204e+01
5.342245e+01,-2.829204e+01
5.342245e+01,-2.829204e+01
5.318439e+01,-2.828999e+01
5.318439e+01,-2.828999e+01
5.318439e+01,-2.828999e+01
5.318439e+01,-2.828999e+01
5.318439e+01,-2.828999e+01
5.323816e+01,-2.828148e+01
5.323816e+01,-2.828148e+01
5.323816e+01,-2.828148e+01
5.323816e+01,-2.828148e+01
5.323816e+01,-2.828148e+01
5.311330e+01,-2.828320e+01
5.311330e+01,-2.828320e+01
5.311330e+01,-2.828320e+01
5.311330e+01,-2.828320e+01
5.311330e+01,-2.828320e+01
5.340742e+01,-2.827865e+01
5.340742e+01,-2.827865e+01
5.340742e+01,-2.827865e+01
5.340742e+01,-2.827865e+01
5.340742e+01,-2.827865e+01
5.315756e+01,-2.827708e+01
5.315756e+01,-2.827708e+01
5.315756e+01,-2.827708e+01
5.315756e+01,-2.827708e+01
5.315756e+01,-2.827708e+01
5.311489e+01,-2.827916e+01
5.311489e+01,-2.827916e+01
5.311489e+01,-2.827916e+01
5.311489e+01,-2.827916e+01
5.311489e+01,-2.827916e+01
5.298121e+01,-2.827440e+01
5.298121e+01,-2.827440e+01
5.298121e+01,-2.827440e+01
5.298121e+01,-2.827440e+01
5.298121e+01,-2.827440e+01
5.333364e+01,-2.826538e+01
5.333364e+01,-2.826538e+01
5.333364e+01,-2.826538e+01
5.333364e+01,-2.826538e+01
5.333364e+01,-2.826538e+01
5.329215e+01,-2.826114e+01
5.329215e+01,-2.826114e+01
5.329215e+01,-2.826114e+01
5.329215e+01,-2.826114e+01
5.329215e+01,-2.826114e+01
5.347616e+01,-2.825591e+01
5.347616e+01,-2.825591e+01
5.347616e+01,-2.825591e+01
5.347616e+01,-2.825591e+01
5.347616e+01,-2.825591e+01
5.334641e+01,-2.825659e+01
5.334641e+01,-2.825659e+01
5.334641e+01,-2.825659e+01
5.334641e+01,-2.825659e+01
5.334641e+01,-2.825659e+01
5.318705e+01,-2.825639e+01
5.318705e+01,-2.825639e+01
5.318705e+01,-2.825639e+01
5.318705e+01,-2.825639e+01
5.318705e+01,-2.825639e+01
5.315748e+01,-2.855551e+01
5.315748e+01,-2.855551e+01
5.315748e+01,-2.855551e+01
5.315748e+01,-2.855551e+01
5.315748e+01,-2.855551e+01
5.341663e+01,-2.844343e+01
5.341663e+01,-2.844343e+01
5.341663e+01,-2.844343e+01
5.341663e+01,-2.844343e+01
5.341663e+01,-2.844343e+01
5.324123e+01,-2.845394e+01
5.324123e+01,-2.845394e+01
5.324123e+01,-2.845394e+01
5.324123e+01,-2.845394e+01
5.324123e+01,-2.845394e+01
5.299936e+01,-2.836165e+01
5.299936e+01,-2.836165e+01
5.299936e+01,-2.836165e+01
5.299936e+01,-2.836165e+01
5.299936e+01,-2.836165e+01
5.318955e+01,-2.832283e+01
5.318955e+01,-2.832283e+01
5.318955e+01,-2.832283e+01
5.318955e+01,-2.832283e+01
5.318955e+01,-2.832283e+01
5.296900e+01,-2.825577e+01
5.296900e+01,-2.825577e+01
5.296900e+01,-2.825577e+01
5.296900e+01,-2.825577e+01
5.296900e+01,-2.825577e+01
5.362032e+01,-2.827680e+01
5.362032e+01,-2.827680e+01
5.362032e+01,-2.827680e+01
5.362032e+01,-2.827680e+01
5.362032e+01,-2.827680e+01
5.355356e+01,-2.841691e+01
5.355356e+01,-2.841691e+01
5.355356e+01,-2.841691e+01
5.355356e+01,-2.841691e+01
5.355356e+01,-2.841691e+01
5.354167e+01,-2.843710e+01
5.354167e+01,-2.843710e+01
5.354167e+01,-2.843710e+01
5.354167e+01,-2.843710e+01
5.354167e+01,-2.843710e+01
5.355572e+01,-2.843016e+01
5.355572e+01,-2.843016e+01
5.355572e+01,-2.843016e+01
5.355572e+01,-2.843016e+01
5.355572e+01,-2.843016e+01
5.352577e+01,-2.841372e+01
5.352577e+01,-2.841372e+01
5.352577e+01,-2.841372e+01
5.352577e+01,-2.841372e+01
5.352577e+01,-2.841372e+01
5.355835e+01,-2.839404e+01
5.355835e+01,-2.839404e+01
5.355835e+01,-2.839404e+01
5.355835e+01,-2.839404e+01
5.355835e+01,-2.839404e+01
5.353720e+01,-2.833991e+01
5.353720e+01,-2.833991e+01
5.353720e+01,-2.833991e+01
5.353720e+01,-2.833991e+01
5.353720e+01,-2.833991e+01
5.359512e+01,-2.832857e+01
5.359512e+01,-2.832857e+01
5.359512e+01,-2.832857e+01
5.359512e+01,-2.832857e+01
5.359512e+01,-2.832857e+01
5.351357e+01,-2.832793e+01
5.351357e+01,-2.832793e+01
5.351357e+01,-2.832793e+01
5.351357e+01,-2.832793e+01
5.363419e+01,-2.832374e+01
5.363419e+01,-2.832374e+01
5.363419e+01,-2.832374e+01
5.363419e+01,-2.832374e+01
5.363419e+01,-2.832374e+01
5.353191e+01,-2.832036e+01
5.353191e+01,-2.832036e+01
5.354418e+01,-2.828528e+01
5.354418e+01,-2.828528e+01
5.354418e+01,-2.828528e+01
5.354418e+01,-2.828528e+01
5.354418e+01,-2.828528e+01
5.352091e+01,-2.826369e+01
5.352091e+01,-2.826369e+01
5.352091e+01,-2.826369e+01
5.352091e+01,-2.826369e+01
5.352091e+01,-2.826369e+01
5.351985e+01,-2.825661e+01
5.351985e+01,-2.825661e+01
5.351985e+01,-2.825661e+01
5.351985e+01,-2.825661e+01
5.351985e+01,-2.825661e+01
5.352790e+01,-2.825402e+01
5.352790e+01,-2.825402e+01
5.352790e+01,-2.825402e+01
5.268383e+01,-2.790810e+01
5.268383e+01,-2.790810e+01
5.268383e+01,-2.790810e+01
5.268383e+01,-2.790810e+01
5.268383e+01,-2.790810e+01
5.266294e+01,-2.788903e+01
5.266294e+01,-2.788903e+01
5.266294e+01,-2.788903e+01
5.266294e+01,-2.788903e+01
5.266294e+01,-2.788903e+01
5.256670e+01,-2.805132e+01
5.256670e+01,-2.805132e+01
5.256670e+01,-2.805132e+01
5.256670e+01,-2.805132e+01
5.256670e+01,-2.805132e+01
5.264982e+01,-2.824270e+01
5.264982e+01,-2.824270e+01
5.264982e+01,-2.824270e+01
5.264982e+01,-2.824270e+01
5.264982e+01,-2.824270e+01
5.269892e+01,-2.822050e+01
5.269892e+01,-2.822050e+01
5.269892e+01,-2.822050e+01
5.269892e+01,-2.822050e+01
5.269892e+01,-2.822050e+01
5.263564e+01,-2.821828e+01
5.263564e+01,-2.821828e+01
5.263564e+01,-2.821828e+01
5.263564e+01,-2.821828e+01
5.263564e+01,-2.821828e+01
5.266526e+01,-2.821778e+01
5.266526e+01,-2.821778e+01
5.266526e+01,-2.821778e+01
5.262786e+01,-2.820300e+01
5.262786e+01,-2.820300e+01
5.262786e+01,-2.820300e+01
5.262786e+01,-2.820300e+01
5.262786e+01,-2.820300e+01
5.264575e+01,-2.818781e+01
5.264575e+01,-2.818781e+01
5.264575e+01,-2.818781e+01
5.264575e+01,-2.818781e+01
5.264575e+01,-2.818781e+01
5.264828e+01,-2.818385e+01
5.264828e+01,-2.818385e+01
5.264828e+01,-2.818385e+01
5.264828e+01,-2.818385e+01
5.264828e+01,-2.818385e+01
5.259585e+01,-2.815903e+01
5.259585e+01,-2.815903e+01
5.259585e+01,-2.815903e+01
5.259585e+01,-2.815903e+01
5.259585e+01,-2.815903e+01
5.265637e+01,-2.814106e+01
5.265637e+01,-2.814106e+01
5.265637e+01,-2.814106e+01
5.265637e+01,-2.814106e+01
5.265637e+01,-2.814106e+01
5.269144e+01,-2.813405e+01
5.269144e+01,-2.813405e+01
5.269144e+01,-2.813405e+01
5.269144e+01,-2.813405e+01
5.269144e+01,-2.813405e+01
5.264138e+01,-2.815437e+01
5.264138e+01,-2.815437e+01
5.264138e+01,-2.815437e+01
5.264138e+01,-2.815437e+01
5.264138e+01,-2.815437e+01
5.258874e+01,-2.810341e+01
5.258874e+01,-2.810341e+01
5.258874e+01,-2.810341e+01
5.258874e+01,-2.810341e+01
5.258874e+01,-2.810341e+01
5.257815e+01,-2.810308e+01
5.257815e+01,-2.810308e+01
5.257815e+01,-2.810308e+01
5.257815e+01,-2.810308e+01
5.257815e+01,-2.810308e+01
5.257338e+01,-2.807005e+01
5.257338e+01,-2.807005e+01
5.257338e+01,-2.807005e+01
5.257338e+01,-2.807005e+01
5.257338e+01,-2.807005e+01
5.264852e+01,-2.801532e+01
5.264852e+01,-2.801532e+01
5.264852e+01,-2.801532e+01
5.264852e+01,-2.801532e+01
5.264852e+01,-2.801532e+01
5.264278e+01,-2.799061e+01
5.264278e+01,-2.799061e+01
5.264278e+01,-2.799061e+01
5.264278e+01,-2.799061e+01
5.264278e+01,-2.799061e+01
5.264064e+01,-2.797411e+01
5.264064e+01,-2.797411e+01
5.264064e+01,-2.797411e+01
5.264064e+01,-2.797411e+01
5.264064e+01,-2.797411e+01
5.269374e+01,-2.796601e+01
5.269374e+01,-2.796601e+01
5.269374e+01,-2.796601e+01
5.269374e+01,-2.796601e+01
5.269374e+01,-2.796601e+01
5.268558e+01,-2.795104e+01
5.268558e+01,-2.795104e+01
5.268558e+01,-2.795104e+01
5.268558e+01,-2.795104e+01
5.268558e+01,-2.795104e+01
5.268238e+01,-2.795194e+01
5.268238e+01,-2.795194e+01
5.268238e+01,-2.795194e+01
5.268238e+01,-2.795194e+01
5.268238e+01,-2.795194e+01
5.263078e+01,-2.794816e+01
5.263078e+01,-2.794816e+01
5.263078e+01,-2.794816e+01
5.263078e+01,-2.794816e+01
5.263078e+01,-2.794816e+01
5.268347e+01,-2.794127e+01
5.268347e+01,-2.794127e+01
5.268347e+01,-2.794127e+01
5.268347e+01,-2.794127e+01
5.268347e+01,-2.794127e+01
5.267551e+01,-2.794821e+01
5.267551e+01,-2.794821e+01
5.267551e+01,-2.794821e+01
5.267551e+01,-2.794821e+01
5.267551e+01,-2.794821e+01
5.261243e+01,-2.793950e+01
5.261243e+01,-2.793950e+01
5.261243e+01,-2.793950e+01
5.261243e+01,-2.793950e+01
5.261243e+01,-2.793950e+01
5.267916e+01,-2.790511e+01
5.267916e+01,-2.790511e+01
5.267916e+01,-2.790511e+01
5.267916e+01,-2.790511e+01
5.267916e+01,-2.790511e+01
5.266249e+01,-2.790363e+01
5.266249e+01,-2.790363e+01
5.266249e+01,-2.790363e+01
5.266249e+01,-2.790363e+01
5.266249e+01,-2.790363e+01
5.266943e+01,-2.788320e+01
5.266943e+01,-2.788320e+01
5.266943e+01,-2.788320e+01
5.266943e+01,-2.788320e+01
5.266943e+01,-2.788320e+01
5.265813e+01,-2.788732e+01
5.265813e+01,-2.788732e+01
5.265813e+01,-2.788732e+01
5.265813e+01,-2.788732e+01
5.265813e+01,-2.788732e+01
5.267630e+01,-2.781035e+01
5.267630e+01,-2.781035e+01
5.267630e+01,-2.781035e+01
5.267630e+01,-2.781035e+01
5.267630e+01,-2.781035e+01
5.268720e+01,-2.794786e+01
5.268720e+01,-2.794786e+01
5.268720e+01,-2.794786e+01
5.268720e+01,-2.794786e+01
5.268720e+01,-2.794786e+01
5.283643e+01,-2.777661e+01
5.283643e+01,-2.777661e+01
5.283643e+01,-2.777661e+01
5.283643e+01,-2.777661e+01
5.283643e+01,-2.777661e+01
5.277167e+01,-2.812713e+01
5.277167e+01,-2.812713e+01
5.277167e+01,-2.812713e+01
5.277167e+01,-2.812713e+01
5.277167e+01,-2.812713e+01
5.276651e+01,-2.808384e+01
5.276651e+01,-2.808384e+01
5.276651e+01,-2.808384e+01
5.276651e+01,-2.808384e+01
5.276651e+01,-2.808384e+01
5.275821e+01,-2.824861e+01
5.275821e+01,-2.824861e+01
5.275821e+01,-2.824861e+01
5.275821e+01,-2.824861e+01
5.275821e+01,-2.824861e+01
5.275485e+01,-2.785709e+01
5.275485e+01,-2.785709e+01
5.275485e+01,-2.785709e+01
5.275485e+01,-2.785709e+01
5.275485e+01,-2.785709e+01
5.326430e+01,-2.807872e+01
5.326430e+01,-2.807872e+01
5.326430e+01,-2.807872e+01
5.326430e+01,-2.807872e+01
5.326430e+01,-2.807872e+01
5.305823e+01,-2.795199e+01
5.305823e+01,-2.795199e+01
5.305823e+01,-2.795199e+01
5.305823e+01,-2.795199e+01
5.305823e+01,-2.795199e+01
5.298110e+01,-2.825381e+01
5.298110e+01,-2.825381e+01
5.298110e+01,-2.825381e+01
5.298110e+01,-2.825381e+01
5.298110e+01,-2.825381e+01
5.306588e+01,-2.824499e+01
5.306588e+01,-2.824499e+01
5.306588e+01,-2.824499e+01
5.306588e+01,-2.824499e+01
5.285758e+01,-2.823836e+01
5.285758e+01,-2.823836e+01
5.285758e+01,-2.823836e+01
5.285758e+01,-2.823836e+01
5.285758e+01,-2.823836e+01
5.312950e+01,-2.823147e+01
5.312950e+01,-2.823147e+01
5.312950e+01,-2.823147e+01
5.312950e+01,-2.823147e+01
5.312950e+01,-2.823147e+01
5.307179e+01,-2.822658e+01
5.307179e+01,-2.822658e+01
5.307179e+01,-2.822658e+01
5.307179e+01,-2.822658e+01
5.307179e+01,-2.822658e+01
5.294007e+01,-2.821677e+01
5.294007e+01,-2.821677e+01
5.294007e+01,-2.821677e+01
5.294007e+01,-2.821677e+01
5.294007e+01,-2.821677e+01
5.321003e+01,-2.820130e+01
5.321003e+01,-2.820130e+01
5.321003e+01,-2.820130e+01
5.321003e+01,-2.820130e+01
5.321003e+01,-2.820130e+01
5.320637e+01,-2.819570e+01
5.320637e+01,-2.819570e+01
5.320637e+01,-2.819570e+01
5.320637e+01,-2.819570e+01
5.320637e+01,-2.819570e+01
5.295663e+01,-2.819794e+01
5.295663e+01,-2.819794e+01
5.295663e+01,-2.819794e+01
5.295663e+01,-2.819794e+01
5.295663e+01,-2.819794e+01
5.293211e+01,-2.818458e+01
5.293211e+01,-2.818458e+01
5.293211e+01,-2.818458e+01
5.293211e+01,-2.818458e+01
5.293211e+01,-2.818458e+01
5.325884e+01,-2.817870e+01
5.325884e+01,-2.817870e+01
5.325884e+01,-2.817870e+01
5.325884e+01,-2.817870e+01
5.325884e+01,-2.817870e+01
5.298071e+01,-2.817889e+01
5.298071e+01,-2.817889e+01
5.298071e+01,-2.817889e+01
5.298071e+01,-2.817889e+01
5.298071e+01,-2.817889e+01
5.325535e+01,-2.817140e+01
5.325535e+01,-2.817140e+01
5.325535e+01,-2.817140e+01
5.325535e+01,-2.817140e+01
5.325535e+01,-2.817140e+01
5.311416e+01,-2.817259e+01
5.311416e+01,-2.817259e+01
5.311416e+01,-2.817259e+01
5.311416e+01,-2.817259e+01
5.311416e+01,-2.817259e+01
5.317100e+01,-2.816224e+01
5.317100e+01,-2.816224e+01
5.317100e+01,-2.816224e+01
5.317100e+01,-2.816224e+01
5.317100e+01,-2.816224e+01
5.297376e+01,-2.816339e+01
5.297376e+01,-2.816339e+01
5.297376e+01,-2.816339e+01
5.297376e+01,-2.816339e+01
5.297376e+01,-2.816339e+01
5.294418e+01,-2.816716e+01
5.294418e+01,-2.816716e+01
5.294418e+01,-2.816716e+01
5.294418e+01,-2.816716e+01
5.294418e+01,-2.816716e+01
5.310205e+01,-2.815737e+01
5.310205e+01,-2.815737e+01
5.310205e+01,-2.815737e+01
5.310205e+01,-2.815737e+01
5.310205e+01,-2.815737e+01
5.315611e+01,-2.814847e+01
5.315611e+01,-2.814847e+01
5.315611e+01,-2.814847e+01
5.315611e+01,-2.814847e+01
5.315611e+01,-2.814847e+01
5.295160e+01,-2.814866e+01
5.295160e+01,-2.814866e+01
5.295160e+01,-2.814866e+01
5.295160e+01,-2.814866e+01
5.295160e+01,-2.814866e+01
5.317530e+01,-2.813912e+01
5.317530e+01,-2.813912e+01
5.317530e+01,-2.813912e+01
5.317530e+01,-2.813912e+01
5.317530e+01,-2.813912e+01
5.322498e+01,-2.813635e+01
5.322498e+01,-2.813635e+01
5.322498e+01,-2.813635e+01
5.322498e+01,-2.813635e+01
5.322498e+01,-2.813635e+01
5.317024e+01,-2.813422e+01
5.317024e+01,-2.813422e+01
5.317024e+01,-2.813422e+01
5.317024e+01,-2.813422e+01
5.317024e+01,-2.813422e+01
5.313663e+01,-2.813489e+01
5.313663e+01,-2.813489e+01
5.313663e+01,-2.813489e+01
5.313663e+01,-2.813489e+01
5.313663e+01,-2.813489e+01
5.313618e+01,-2.813343e+01
5.313618e+01,-2.813343e+01
5.313618e+01,-2.813343e+01
5.313618e+01,-2.813343e+01
5.313618e+01,-2.813343e+01
5.295745e+01,-2.813354e+01
5.295745e+01,-2.813354e+01
5.295745e+01,-2.813354e+01
5.295745e+01,-2.813354e+01
5.295745e+01,-2.813354e+01
5.287703e+01,-2.813531e+01
5.287703e+01,-2.813531e+01
5.287703e+01,-2.813531e+01
5.287703e+01,-2.813531e+01
5.287703e+01,-2.813531e+01
5.323313e+01,-2.812766e+01
5.323313e+01,-2.812766e+01
5.323313e+01,-2.812766e+01
5.323313e+01,-2.812766e+01
5.323313e+01,-2.812766e+01
5.321110e+01,-2.812863e+01
5.321110e+01,-2.812863e+01
5.321110e+01,-2.812863e+01
5.321110e+01,-2.812863e+01
5.321110e+01,-2.812863e+01
5.316213e+01,-2.812887e+01
5.316213e+01,-2.812887e+01
5.316213e+01,-2.812887e+01
5.316213e+01,-2.812887e+01
5.316213e+01,-2.812887e+01
5.279656e+01,-2.812129e+01
5.279656e+01,-2.812129e+01
5.279656e+01,-2.812129e+01
5.279656e+01,-2.812129e+01
5.279656e+01,-2.812129e+01
5.289035e+01,-2.810771e+01
5.289035e+01,-2.810771e+01
5.289035e+01,-2.810771e+01
5.289035e+01,-2.810771e+01
5.289035e+01,-2.810771e+01
5.287508e+01,-2.809803e+01
5.287508e+01,-2.809803e+01
5.287508e+01,-2.809803e+01
5.287508e+01,-2.809803e+01
5.287508e+01,-2.809803e+01
5.278894e+01,-2.809755e+01
5.278894e+01,-2.809755e+01
5.278894e+01,-2.809755e+01
5.278894e+01,-2.809755e+01
5.278894e+01,-2.809755e+01
5.278853e+01,-2.809649e+01
5.278853e+01,-2.809649e+01
5.278853e+01,-2.809649e+01
5.278853e+01,-2.809649e+01
5.278853e+01,-2.809649e+01
5.276941e+01,-2.809296e+01
5.276941e+01,-2.809296e+01
5.276941e+01,-2.809296e+01
5.276941e+01,-2.809296e+01
5.276941e+01,-2.809296e+01
5.285506e+01,-2.808249e+01
5.285506e+01,-2.808249e+01
5.285506e+01,-2.808249e+01
5.285506e+01,-2.808249e+01
5.285506e+01,-2.808249e+01
5.278130e+01,-2.808336e+01
5.278130e+01,-2.808336e+01
5.278130e+01,-2.808336e+01
5.278130e+01,-2.808336e+01
5.278130e+01,-2.808336e+01
5.283788e+01,-2.807414e+01
5.283788e+01,-2.807414e+01
5.283788e+01,-2.807414e+01
5.283788e+01,-2.807414e+01
5.283788e+01,-2.807414e+01
5.302182e+01,-2.807095e+01
5.302182e+01,-2.807095e+01
5.302182e+01,-2.807095e+01
5.302182e+01,-2.807095e+01
5.302182e+01,-2.807095e+01
5.295336e+01,-2.806646e+01
5.295336e+01,-2.806646e+01
5.295336e+01,-2.806646e+01
5.295336e+01,-2.806646e+01
5.295336e+01,-2.806646e+01
5.324289e+01,-2.805667e+01
5.324289e+01,-2.805667e+01
5.324289e+01,-2.805667e+01
5.324289e+01,-2.805667e+01
5.324289e+01,-2.805667e+01
5.306646e+01,-2.804960e+01
5.306646e+01,-2.804960e+01
5.306646e+01,-2.804960e+01
5.306646e+01,-2.804960e+01
5.306646e+01,-2.804960e+01
5.319427e+01,-2.804547e+01
5.319427e+01,-2.804547e+01
5.319427e+01,-2.804547e+01
5.319427e+01,-2.804547e+01
5.319427e+01,-2.804547e+01
5.314676e+01,-2.803967e+01
5.314676e+01,-2.803967e+01
5.311156e+01,-2.804642e+01
5.311156e+01,-2.804642e+01
5.311156e+01,-2.804642e+01
5.311156e+01,-2.804642e+01
5.311156e+01,-2.804642e+01
5.285511e+01,-2.804397e+01
5.285511e+01,-2.804397e+01
5.285511e+01,-2.804397e+01
5.285511e+01,-2.804397e+01
5.285511e+01,-2.804397e+01
5.276961e+01,-2.804477e+01
5.276961e+01,-2.804477e+01
5.276961e+01,-2.804477e+01
5.276961e+01,-2.804477e+01
5.276961e+01,-2.804477e+01
5.310643e+01,-2.803551e+01
5.310643e+01,-2.803551e+01
5.310643e+01,-2.803551e+01
5.310643e+01,-2.803551e+01
5.310643e+01,-2.803551e+01
5.289102e+01,-2.803911e+01
5.289102e+01,-2.803911e+01
5.289102e+01,-2.803911e+01
5.289102e+01,-2.803911e+01
5.289102e+01,-2.803911e+01
5.284383e+01,-2.802555e+01
5.284383e+01,-2.802555e+01
5.284383e+01,-2.802555e+01
5.284383e+01,-2.802555e+01
5.284383e+01,-2.802555e+01
5.280941e+01,-2.802707e+01
5.280941e+01,-2.802707e+01
5.280941e+01,-2.802707e+01
5.280941e+01,-2.802707e+01
5.280941e+01,-2.802707e+01
5.320458e+01,-2.801785e+01
5.320458e+01,-2.801785e+01
5.320458e+01,-2.801785e+01
5.320458e+01,-2.801785e+01
5.320458e+01,-2.801785e+01
5.310035e+01,-2.801965e+01
5.310035e+01,-2.801965e+01
5.310035e+01,-2.801965e+01
5.310035e+01,-2.801965e+01
5.310035e+01,-2.801965e+01
5.283179e+01,-2.802227e+01
5.283179e+01,-2.802227e+01
5.283179e+01,-2.802227e+01
5.283179e+01,-2.802227e+01
5.283179e+01,-2.802227e+01
5.274677e+01,-2.802417e+01
5.274677e+01,-2.802417e+01
5.274677e+01,-2.802417e+01
5.274677e+01,-2.802417e+01
5.274677e+01,-2.802417e+01
5.303235e+01,-2.801530e+01
5.303235e+01,-2.801530e+01
5.303235e+01,-2.801530e+01
5.303235e+01,-2.801530e+01
5.303235e+01,-2.801530e+01
5.305171e+01,-2.799992e+01
5.305171e+01,-2.799992e+01
5.305171e+01,-2.799992e+01
5.305171e+01,-2.799992e+01
5.305171e+01,-2.799992e+01
5.316336e+01,-2.797789e+01
5.316336e+01,-2.797789e+01
5.316336e+01,-2.797789e+01
5.316336e+01,-2.797789e+01
5.316336e+01,-2.797789e+01
5.281853e+01,-2.796996e+01
5.281853e+01,-2.796996e+01
5.281853e+01,-2.796996e+01
5.281853e+01,-2.796996e+01
5.281853e+01,-2.796996e+01
5.322869e+01,-2.796246e+01
5.322869e+01,-2.796246e+01
5.322869e+01,-2.796246e+01
5.322869e+01,-2.796246e+01
5.322869e+01,-2.796246e+01
5.318109e+01,-2.796962e+01
5.318109e+01,-2.796962e+01
5.318109e+01,-2.796962e+01
5.318109e+01,-2.796962e+01
5.318109e+01,-2.796962e+01
5.307129e+01,-2.796466e+01
5.307129e+01,-2.796466e+01
5.307129e+01,-2.796466e+01
5.307129e+01,-2.796466e+01
5.307129e+01,-2.796466e+01
5.306470e+01,-2.796710e+01
5.306470e+01,-2.796710e+01
5.306470e+01,-2.796710e+01
5.306470e+01,-2.796710e+01
5.306470e+01,-2.796710e+01
5.286528e+01,-2.796697e+01
5.286528e+01,-2.796697e+01
5.286528e+01,-2.796697e+01
5.286528e+01,-2.796697e+01
5.286528e+01,-2.796697e+01
5.307878e+01,-2.795730e+01
5.307878e+01,-2.795730e+01
5.307878e+01,-2.795730e+01
5.307878e+01,-2.795730e+01
5.307878e+01,-2.795730e+01
5.315640e+01,-2.794769e+01
5.315640e+01,-2.794769e+01
5.315640e+01,-2.794769e+01
5.315640e+01,-2.794769e+01
5.315640e+01,-2.794769e+01
5.308331e+01,-2.795137e+01
5.308331e+01,-2.795137e+01
5.308331e+01,-2.795137e+01
5.308331e+01,-2.795137e+01
5.308331e+01,-2.795137e+01
5.283826e+01,-2.791454e+01
5.283826e+01,-2.791454e+01
5.283826e+01,-2.791454e+01
5.283826e+01,-2.791454e+01
5.283826e+01,-2.791454e+01
5.313328e+01,-2.790298e+01
5.313328e+01,-2.790298e+01
5.313328e+01,-2.790298e+01
5.313328e+01,-2.790298e+01
5.313328e+01,-2.790298e+01
5.285722e+01,-2.790575e+01
5.285722e+01,-2.790575e+01
5.285722e+01,-2.790575e+01
5.285722e+01,-2.790575e+01
5.285722e+01,-2.790575e+01
5.313517e+01,-2.789525e+01
5.313517e+01,-2.789525e+01
5.313517e+01,-2.789525e+01
5.313517e+01,-2.789525e+01
5.313517e+01,-2.789525e+01
5.278957e+01,-2.790010e+01
5.278957e+01,-2.790010e+01
5.278957e+01,-2.790010e+01
5.278957e+01,-2.790010e+01
5.278957e+01,-2.790010e+01
5.271709e+01,-2.789532e+01
5.271709e+01,-2.789532e+01
5.271709e+01,-2.789532e+01
5.271709e+01,-2.789532e+01
5.271709e+01,-2.789532e+01
5.284533e+01,-2.788678e+01
5.284533e+01,-2.788678e+01
5.284533e+01,-2.788678e+01
5.284533e+01,-2.788678e+01
5.284533e+01,-2.788678e+01
5.271306e+01,-2.788710e+01
5.271306e+01,-2.788710e+01
5.271306e+01,-2.788710e+01
5.271306e+01,-2.788710e+01
5.271306e+01,-2.788710e+01
5.274643e+01,-2.788009e+01
5.274643e+01,-2.788009e+01
5.274643e+01,-2.788009e+01
5.274643e+01,-2.788009e+01
5.274643e+01,-2.788009e+01
5.274620e+01,-2.787622e+01
5.274620e+01,-2.787622e+01
5.274620e+01,-2.787622e+01
5.274620e+01,-2.787622e+01
5.274620e+01,-2.787622e+01
5.313639e+01,-2.786429e+01
5.313639e+01,-2.786429e+01
5.313639e+01,-2.786429e+01
5.313639e+01,-2.786429e+01
5.313639e+01,-2.786429e+01
5.298485e+01,-2.785881e+01
5.298485e+01,-2.785881e+01
5.298485e+01,-2.785881e+01
5.298485e+01,-2.785881e+01
5.298485e+01,-2.785881e+01
5.322918e+01,-2.784773e+01
5.322918e+01,-2.784773e+01
5.322918e+01,-2.784773e+01
5.322918e+01,-2.784773e+01
5.322918e+01,-2.784773e+01
5.312540e+01,-2.785013e+01
5.312540e+01,-2.785013e+01
5.312540e+01,-2.785013e+01
5.312540e+01,-2.785013e+01
5.312540e+01,-2.785013e+01
5.298217e+01,-2.785257e+01
5.298217e+01,-2.785257e+01
5.298217e+01,-2.785257e+01
5.298217e+01,-2.785257e+01
5.298217e+01,-2.785257e+01
5.325863e+01,-2.783181e+01
5.325863e+01,-2.783181e+01
5.325863e+01,-2.783181e+01
5.325863e+01,-2.783181e+01
5.325863e+01,-2.783181e+01
5.293989e+01,-2.783650e+01
5.293989e+01,-2.783650e+01
5.293989e+01,-2.783650e+01
5.293989e+01,-2.783650e+01
5.293989e+01,-2.783650e+01
5.281876e+01,-2.783319e+01
5.281876e+01,-2.783319e+01
5.281876e+01,-2.783319e+01
5.281876e+01,-2.783319e+01
5.281876e+01,-2.783319e+01
5.276378e+01,-2.782433e+01
5.276378e+01,-2.782433e+01
5.276378e+01,-2.782433e+01
5.276378e+01,-2.782433e+01
5.276378e+01,-2.782433e+01
5.273863e+01,-2.782506e+01
5.273863e+01,-2.782506e+01
5.273863e+01,-2.782506e+01
5.273863e+01,-2.782506e+01
5.273863e+01,-2.782506e+01
5.319335e+01,-2.780566e+01
5.319335e+01,-2.780566e+01
5.319335e+01,-2.780566e+01
5.319335e+01,-2.780566e+01
5.319335e+01,-2.780566e+01
5.295638e+01,-2.780732e+01
5.295638e+01,-2.780732e+01
5.295638e+01,-2.780732e+01
5.295638e+01,-2.780732e+01
5.295638e+01,-2.780732e+01
5.311991e+01,-2.779881e+01
5.311991e+01,-2.779881e+01
5.311991e+01,-2.779881e+01
5.311991e+01,-2.779881e+01
5.311991e+01,-2.779881e+01
5.290785e+01,-2.779681e+01
5.290785e+01,-2.779681e+01
5.290785e+01,-2.779681e+01
5.290785e+01,-2.779681e+01
5.290785e+01,-2.779681e+01
5.279437e+01,-2.779724e+01
5.279437e+01,-2.779724e+01
5.279437e+01,-2.779724e+01
5.279437e+01,-2.779724e+01
5.279437e+01,-2.779724e+01
5.321152e+01,-2.775786e+01
5.321152e+01,-2.775786e+01
5.321152e+01,-2.775786e+01
5.321152e+01,-2.775786e+01
5.321152e+01,-2.775786e+01
5.296190e+01,-2.816669e+01
5.296190e+01,-2.816669e+01
5.296190e+01,-2.816669e+01
5.296190e+01,-2.816669e+01
5.296190e+01,-2.816669e+01
5.292626e+01,-2.810688e+01
5.292626e+01,-2.810688e+01
5.292626e+01,-2.810688e+01
5.292626e+01,-2.810688e+01
5.292626e+01,-2.810688e+01
5.275552e+01,-2.805443e+01
5.275552e+01,-2.805443e+01
5.275552e+01,-2.805443e+01
5.275552e+01,-2.805443e+01
5.275552e+01,-2.805443e+01
5.319328e+01,-2.796946e+01
5.319328e+01,-2.796946e+01
5.319328e+01,-2.796946e+01
5.319328e+01,-2.796946e+01
5.319328e+01,-2.796946e+01
5.300678e+01,-2.783339e+01
5.300678e+01,-2.783339e+01
5.300678e+01,-2.783339e+01
5.300678e+01,-2.783339e+01
5.300678e+01,-2.783339e+01
5.357198e+01,-2.782414e+01
5.357198e+01,-2.782414e+01
5.357198e+01,-2.782414e+01
5.357198e+01,-2.782414e+01
5.357198e+01,-2.782414e+01
5.345869e+01,-2.797068e+01
5.345869e+01,-2.797068e+01
5.345869e+01,-2.797068e+01
5.345869e+01,-2.797068e+01
5.345869e+01,-2.797068e+01
5.336369e+01,-2.778331e+01
5.336369e+01,-2.778331e+01
5.336369e+01,-2.778331e+01
5.336369e+01,-2.778331e+01
5.336369e+01,-2.778331e+01
5.336185e+01,-2.784190e+01
5.336185e+01,-2.784190e+01
5.336185e+01,-2.784190e+01
5.336185e+01,-2.784190e+01
5.336185e+01,-2.784190e+01
5.330852e+01,-2.817282e+01
5.330852e+01,-2.817282e+01
5.330852e+01,-2.817282e+01
5.330852e+01,-2.817282e+01
5.330852e+01,-2.817282e+01
5.329020e+01,-2.787145e+01
5.329020e+01,-2.787145e+01
5.329020e+01,-2.787145e+01
5.329020e+01,-2.787145e+01
5.329020e+01,-2.787145e+01
5.327961e+01,-2.777771e+01
5.327961e+01,-2.777771e+01
5.327961e+01,-2.777771e+01
5.327961e+01,-2.777771e+01
5.327961e+01,-2.777771e+01
5.331527e+01,-2.824383e+01
5.331527e+01,-2.824383e+01
5.331527e+01,-2.824383e+01
5.331527e+01,-2.824383e+01
5.331527e+01,-2.824383e+01
5.331587e+01,-2.823734e+01
5.331587e+01,-2.823734e+01
5.331587e+01,-2.823734e+01
5.331587e+01,-2.823734e+01
5.331587e+01,-2.823734e+01
5.339015e+01,-2.823445e+01
5.339015e+01,-2.823445e+01
5.339015e+01,-2.823445e+01
5.339015e+01,-2.823445e+01
5.339015e+01,-2.823445e+01
5.331255e+01,-2.823351e+01
5.331255e+01,-2.823351e+01
5.331255e+01,-2.823351e+01
5.331255e+01,-2.823351e+01
5.331255e+01,-2.823351e+01
5.357454e+01,-2.822350e+01
5.357454e+01,-2.822350e+01
5.357454e+01,-2.822350e+01
5.357454e+01,-2.822350e+01
5.357454e+01,-2.822350e+01
5.353606e+01,-2.822354e+01
5.353606e+01,-2.822354e+01
5.353606e+01,-2.822354e+01
5.353606e+01,-2.822354e+01
5.353606e+01,-2.822354e+01
5.336682e+01,-2.822614e+01
5.336682e+01,-2.822614e+01
5.336682e+01,-2.822614e+01
5.336682e+01,-2.822614e+01
5.336682e+01,-2.822614e+01
5.336590e+01,-2.822991e+01
5.336590e+01,-2.822991e+01
5.336590e+01,-2.822991e+01
5.336590e+01,-2.822991e+01
5.336590e+01,-2.822991e+01
5.332938e+01,-2.822543e+01
5.332938e+01,-2.822543e+01
5.332938e+01,-2.822543e+01
5.332938e+01,-2.822543e+01
5.332938e+01,-2.822543e+01
5.352985e+01,-2.821990e+01
5.352985e+01,-2.821990e+01
5.352985e+01,-2.821990e+01
5.352985e+01,-2.821990e+01
5.352985e+01,-2.821990e+01
5.363883e+01,-2.821418e+01
5.363883e+01,-2.821418e+01
5.363883e+01,-2.821418e+01
5.355596e+01,-2.821415e+01
5.355596e+01,-2.821415e+01
5.355596e+01,-2.821415e+01
5.355596e+01,-2.821415e+01
5.355596e+01,-2.821415e+01
5.354283e+01,-2.820377e+01
5.354283e+01,-2.820377e+01
5.354283e+01,-2.820377e+01
5.354283e+01,-2.820377e+01
5.354283e+01,-2.820377e+01
5.359376e+01,-2.819146e+01
5.359376e+01,-2.819146e+01
5.359376e+01,-2.819146e+01
5.359376e+01,-2.819146e+01
5.359376e+01,-2.819146e+01
5.354700e+01,-2.819119e+01
5.354700e+01,-2.819119e+01
5.354700e+01,-2.819119e+01
5.354700e+01,-2.819119e+01
5.354700e+01,-2.819119e+01
5.351406e+01,-2.818950e+01
5.351406e+01,-2.818950e+01
5.351406e+01,-2.818950e+01
5.351406e+01,-2.818950e+01
5.351406e+01,-2.818950e+01
5.349040e+01,-2.818653e+01
5.349040e+01,-2.818653e+01
5.349040e+01,-2.818653e+01
5.349040e+01,-2.818653e+01
5.349040e+01,-2.818653e+01
5.351937e+01,-2.817964e+01
5.351937e+01,-2.817964e+01
5.351937e+01,-2.817964e+01
5.351937e+01,-2.817964e+01
5.351937e+01,-2.817964e+01
5.354518e+01,-2.816369e+01
5.354518e+01,-2.816369e+01
5.354518e+01,-2.816369e+01
5.354518e+01,-2.816369e+01
5.354518e+01,-2.816369e+01
5.352006e+01,-2.816336e+01
5.352006e+01,-2.816336e+01
5.352006e+01,-2.816336e+01
5.352006e+01,-2.816336e+01
5.352006e+01,-2.816336e+01
5.351284e+01,-2.815735e+01
5.351284e+01,-2.815735e+01
5.351284e+01,-2.815735e+01
5.351284e+01,-2.815735e+01
5.351284e+01,-2.815735e+01
5.344221e+01,-2.815894e+01
5.344221e+01,-2.815894e+01
5.344221e+01,-2.815894e+01
5.344221e+01,-2.815894e+01
5.344221e+01,-2.815894e+01
5.360404e+01,-2.815165e+01
5.360404e+01,-2.815165e+01
5.360404e+01,-2.815165e+01
5.360404e+01,-2.815165e+01
5.360404e+01,-2.815165e+01
5.360372e+01,-2.815036e+01
5.360372e+01,-2.815036e+01
5.360372e+01,-2.815036e+01
5.360372e+01,-2.815036e+01
5.360372e+01,-2.815036e+01
5.328057e+01,-2.815140e+01
5.328057e+01,-2.815140e+01
5.328057e+01,-2.815140e+01
5.328057e+01,-2.815140e+01
5.328057e+01,-2.815140e+01
5.343304e+01,-2.814496e+01
5.343304e+01,-2.814496e+01
5.343304e+01,-2.814496e+01
5.343304e+01,-2.814496e+01
5.343304e+01,-2.814496e+01
5.335767e+01,-2.813335e+01
5.335767e+01,-2.813335e+01
5.335767e+01,-2.813335e+01
5.335767e+01,-2.813335e+01
5.335767e+01,-2.813335e+01
5.356248e+01,-2.813010e+01
5.356248e+01,-2.813010e+01
5.356248e+01,-2.813010e+01
5.356248e+01,-2.813010e+01
5.356248e+01,-2.813010e+01
5.352602e+01,-2.812939e+01
5.352602e+01,-2.812939e+01
5.352602e+01,-2.812939e+01
5.352602e+01,-2.812939e+01
5.352602e+01,-2.812939e+01
5.351796e+01,-2.811211e+01
5.351796e+01,-2.811211e+01
5.351796e+01,-2.811211e+01
5.351796e+01,-2.811211e+01
5.351796e+01,-2.811211e+01
5.351699e+01,-2.811526e+01
5.351699e+01,-2.811526e+01
5.351699e+01,-2.811526e+01
5.351699e+01,-2.811526e+01
5.351699e+01,-2.811526e+01
5.348874e+01,-2.811172e+01
5.348874e+01,-2.811172e+01
5.348874e+01,-2.811172e+01
5.348874e+01,-2.811172e+01
5.348874e+01,-2.811172e+01
5.344229e+01,-2.811456e+01
5.344229e+01,-2.811456e+01
5.344229e+01,-2.811456e+01
5.344229e+01,-2.811456e+01
5.344229e+01,-2.811456e+01
5.341568e+01,-2.810982e+01
5.341568e+01,-2.810982e+01
5.341568e+01,-2.810982e+01
5.341568e+01,-2.810982e+01
5.341568e+01,-2.810982e+01
5.349883e+01,-2.809872e+01
5.349883e+01,-2.809872e+01
5.349883e+01,-2.809872e+01
5.349883e+01,-2.809872e+01
5.349883e+01,-2.809872e+01
5.336409e+01,-2.809612e+01
5.336409e+01,-2.809612e+01
5.336409e+01,-2.809612e+01
5.336409e+01,-2.809612e+01
5.336409e+01,-2.809612e+01
5.356655e+01,-2.809311e+01
5.356655e+01,-2.809311e+01
5.356655e+01,-2.809311e+01
5.356655e+01,-2.809311e+01
5.356655e+01,-2.809311e+01
5.350453e+01,-2.809413e+01
5.350453e+01,-2.809413e+01
5.350453e+01,-2.809413e+01
5.350453e+01,-2.809413e+01
5.350453e+01,-2.809413e+01
5.349360e+01,-2.808332e+01
5.349360e+01,-2.808332e+01
5.349360e+01,-2.808332e+01
5.349360e+01,-2.808332e+01
5.349360e+01,-2.808332e+01
5.356262e+01,-2.808044e+01
5.356262e+01,-2.808044e+01
5.356262e+01,-2.808044e+01
5.356262e+01,-2.808044e+01
5.356262e+01,-2.808044e+01
5.348108e+01,-2.807904e+01
5.348108e+01,-2.807904e+01
5.348108e+01,-2.807904e+01
5.348108e+01,-2.807904e+01
5.348108e+01,-2.807904e+01
5.345326e+01,-2.807580e+01
5.345326e+01,-2.807580e+01
5.345326e+01,-2.807580e+01
5.345326e+01,-2.807580e+01
5.345326e+01,-2.807580e+01
5.356839e+01,-2.805972e+01
5.356839e+01,-2.805972e+01
5.356839e+01,-2.805972e+01
5.356839e+01,-2.805972e+01
5.356839e+01,-2.805972e+01
5.339454e+01,-2.805905e+01
5.339454e+01,-2.805905e+01
5.339454e+01,-2.805905e+01
5.339454e+01,-2.805905e+01
5.339454e+01,-2.805905e+01
5.364485e+01,-2.804691e+01
5.364485e+01,-2.804691e+01
5.364485e+01,-2.804691e+01
5.364485e+01,-2.804691e+01
5.364485e+01,-2.804691e+01
5.328267e+01,-2.804906e+01
5.328267e+01,-2.804906e+01
5.328267e+01,-2.804906e+01
5.328267e+01,-2.804906e+01
5.328267e+01,-2.804906e+01
5.368424e+01,-2.803177e+01
5.368424e+01,-2.803177e+01
5.368424e+01,-2.803177e+01
5.368424e+01,-2.803177e+01
5.368424e+01,-2.803177e+01
5.368907e+01,-2.802271e+01
5.368907e+01,-2.802271e+01
5.368907e+01,-2.802271e+01
5.368907e+01,-2.802271e+01
5.368907e+01,-2.802271e+01
5.365529e+01,-2.802263e+01
5.365529e+01,-2.802263e+01
5.365529e+01,-2.802263e+01
5.365529e+01,-2.802263e+01
5.365529e+01,-2.802263e+01
5.330167e+01,-2.802267e+01
5.330167e+01,-2.802267e+01
5.330167e+01,-2.802267e+01
5.330167e+01,-2.802267e+01
5.330167e+01,-2.802267e+01
5.359876e+01,-2.799949e+01
5.359876e+01,-2.799949e+01
5.359876e+01,-2.799949e+01
5.359876e+01,-2.799949e+01
5.359876e+01,-2.799949e+01
5.342633e+01,-2.799104e+01
5.342633e+01,-2.799104e+01
5.342633e+01,-2.799104e+01
5.342633e+01,-2.799104e+01
5.342633e+01,-2.799104e+01
5.341784e+01,-2.796990e+01
5.341784e+01,-2.796990e+01
5.341784e+01,-2.796990e+01
5.341784e+01,-2.796990e+01
5.341784e+01,-2.796990e+01
5.341675e+01,-2.796856e+01
5.341675e+01,-2.796856e+01
5.341675e+01,-2.796856e+01
5.341675e+01,-2.796856e+01
5.341675e+01,-2.796856e+01
5.365804e+01,-2.796482e+01
5.365804e+01,-2.796482e+01
5.365804e+01,-2.796482e+01
5.365804e+01,-2.796482e+01
5.365804e+01,-2.796482e+01
5.349423e+01,-2.796039e+01
5.349423e+01,-2.796039e+01
5.349423e+01,-2.796039e+01
5.349423e+01,-2.796039e+01
5.349423e+01,-2.796039e+01
5.337585e+01,-2.793379e+01
5.337585e+01,-2.793379e+01
5.337585e+01,-2.793379e+01
5.337585e+01,-2.793379e+01
5.337585e+01,-2.793379e+01
5.339359e+01,-2.792709e+01
5.339359e+01,-2.792709e+01
5.339359e+01,-2.792709e+01
5.339359e+01,-2.792709e+01
5.339359e+01,-2.792709e+01
5.341418e+01,-2.792158e+01
5.341418e+01,-2.792158e+01
5.341418e+01,-2.792158e+01
5.341418e+01,-2.792158e+01
5.341418e+01,-2.792158e+01
5.340809e+01,-2.792329e+01
5.340809e+01,-2.792329e+01
5.340809e+01,-2.792329e+01
5.340809e+01,-2.792329e+01
5.340809e+01,-2.792329e+01
5.340793e+01,-2.792450e+01
5.340793e+01,-2.792450e+01
5.340793e+01,-2.792450e+01
5.340793e+01,-2.792450e+01
5.340793e+01,-2.792450e+01
5.339830e+01,-2.792242e+01
5.339830e+01,-2.792242e+01
5.339830e+01,-2.792242e+01
5.339830e+01,-2.792242e+01
5.339830e+01,-2.792242e+01
5.338957e+01,-2.792456e+01
5.338957e+01,-2.792456e+01
5.338957e+01,-2.792456e+01
5.338957e+01,-2.792456e+01
5.338957e+01,-2.792456e+01
5.332971e+01,-2.791555e+01
5.332971e+01,-2.791555e+01
5.332971e+01,-2.791555e+01
5.332971e+01,-2.791555e+01
5.332971e+01,-2.791555e+01
5.339018e+01,-2.790809e+01
5.339018e+01,-2.790809e+01
5.339018e+01,-2.790809e+01
5.339018e+01,-2.790809e+01
5.339018e+01,-2.790809e+01
5.338085e+01,-2.790061e+01
5.338085e+01,-2.790061e+01
5.338085e+01,-2.790061e+01
5.338085e+01,-2.790061e+01
5.338085e+01,-2.790061e+01
5.336549e+01,-2.789955e+01
5.336549e+01,-2.789955e+01
5.336549e+01,-2.789955e+01
5.336549e+01,-2.789955e+01
5.336549e+01,-2.789955e+01
5.364102e+01,-2.789768e+01
5.364102e+01,-2.789768e+01
5.364102e+01,-2.789768e+01
5.364102e+01,-2.789768e+01
5.364102e+01,-2.789768e+01
5.337975e+01,-2.789676e+01
5.337975e+01,-2.789676e+01
5.337975e+01,-2.789676e+01
5.337975e+01,-2.789676e+01
5.337975e+01,-2.789676e+01
5.359380e+01,-2.788643e+01
5.359380e+01,-2.788643e+01
5.359380e+01,-2.788643e+01
5.359380e+01,-2.788643e+01
5.359380e+01,-2.788643e+01
5.330255e+01,-2.788963e+01
5.330255e+01,-2.788963e+01
5.330255e+01,-2.788963e+01
5.330255e+01,-2.788963e+01
5.330255e+01,-2.788963e+01
5.329946e+01,-2.788997e+01
5.329946e+01,-2.788997e+01
5.329946e+01,-2.788997e+01
5.329946e+01,-2.788997e+01
5.329946e+01,-2.788997e+01
5.338042e+01,-2.787394e+01
5.338042e+01,-2.787394e+01
5.338042e+01,-2.787394e+01
5.338042e+01,-2.787394e+01
5.338042e+01,-2.787394e+01
5.336665e+01,-2.787780e+01
5.336665e+01,-2.787780e+01
5.336665e+01,-2.787780e+01
5.336665e+01,-2.787780e+01
5.336665e+01,-2.787780e+01
5.331255e+01,-2.787776e+01
5.331255e+01,-2.787776e+01
5.331255e+01,-2.787776e+01
5.331255e+01,-2.787776e+01
5.331255e+01,-2.787776e+01
5.362477e+01,-2.786826e+01
5.362477e+01,-2.786826e+01
5.362477e+01,-2.786826e+01
5.362477e+01,-2.786826e+01
5.362477e+01,-2.786826e+01
5.359479e+01,-2.787047e+01
5.359479e+01,-2.787047e+01
5.359479e+01,-2.787047e+01
5.359479e+01,-2.787047e+01
5.359479e+01,-2.787047e+01
5.342226e+01,-2.786849e+01
5.342226e+01,-2.786849e+01
5.342226e+01,-2.786849e+01
5.342226e+01,-2.786849e+01
5.342226e+01,-2.786849e+01
5.338180e+01,-2.786984e+01
5.338180e+01,-2.786984e+01
5.338180e+01,-2.786984e+01
5.338180e+01,-2.786984e+01
5.338180e+01,-2.786984e+01
5.359075e+01,-2.786243e+01
5.359075e+01,-2.786243e+01
5.359075e+01,-2.786243e+01
5.359075e+01,-2.786243e+01
5.359075e+01,-2.786243e+01
5.355338e+01,-2.785961e+01
5.355338e+01,-2.785961e+01
5.355338e+01,-2.785961e+01
5.355338e+01,-2.785961e+01
5.355338e+01,-2.785961e+01
5.336991e+01,-2.786585e+01
5.336991e+01,-2.786585e+01
5.336991e+01,-2.786585e+01
5.336991e+01,-2.786585e+01
5.336991e+01,-2.786585e+01
5.336741e+01,-2.786171e+01
5.336741e+01,-2.786171e+01
5.336741e+01,-2.786171e+01
5.336741e+01,-2.786171e+01
5.336741e+01,-2.786171e+01
5.336699e+01,-2.786072e+01
5.336699e+01,-2.786072e+01
5.336699e+01,-2.786072e+01
5.336699e+01,-2.786072e+01
5.336699e+01,-2.786072e+01
5.341512e+01,-2.785336e+01
5.341512e+01,-2.785336e+01
5.341512e+01,-2.785336e+01
5.341512e+01,-2.785336e+01
5.341512e+01,-2.785336e+01
5.339058e+01,-2.785531e+01
5.339058e+01,-2.785531e+01
5.339058e+01,-2.785531e+01
5.339058e+01,-2.785531e+01
5.339058e+01,-2.785531e+01
5.337307e+01,-2.785492e+01
5.337307e+01,-2.785492e+01
5.337307e+01,-2.785492e+01
5.337307e+01,-2.785492e+01
5.337307e+01,-2.785492e+01
5.337610e+01,-2.785250e+01
5.337610e+01,-2.785250e+01
5.337610e+01,-2.785250e+01
5.337610e+01,-2.785250e+01
5.337610e+01,-2.785250e+01
5.357859e+01,-2.784162e+01
5.357859e+01,-2.784162e+01
5.357859e+01,-2.784162e+01
5.357859e+01,-2.784162e+01
5.357859e+01,-2.784162e+01
5.334579e+01,-2.784201e+01
5.334579e+01,-2.784201e+01
5.334579e+01,-2.784201e+01
5.334579e+01,-2.784201e+01
5.334579e+01,-2.784201e+01
5.355197e+01,-2.783520e+01
5.355197e+01,-2.783520e+01
5.355197e+01,-2.783520e+01
5.355197e+01,-2.783520e+01
5.355197e+01,-2.783520e+01
5.335842e+01,-2.783868e+01
5.335842e+01,-2.783868e+01
5.335842e+01,-2.783868e+01
5.335842e+01,-2.783868e+01
5.335842e+01,-2.783868e+01
5.334174e+01,-2.782289e+01
5.334174e+01,-2.782289e+01
5.334174e+01,-2.782289e+01
5.334174e+01,-2.782289e+01
5.334174e+01,-2.782289e+01
5.327339e+01,-2.782391e+01
5.327339e+01,-2.782391e+01
5.327339e+01,-2.782391e+01
5.327339e+01,-2.782391e+01
5.327339e+01,-2.782391e+01
5.339748e+01,-2.780929e+01
5.339748e+01,-2.780929e+01
5.339748e+01,-2.780929e+01
5.339748e+01,-2.780929e+01
5.339748e+01,-2.780929e+01
5.344905e+01,-2.780459e+01
5.344905e+01,-2.780459e+01
5.344905e+01,-2.780459e+01
5.344905e+01,-2.780459e+01
5.344905e+01,-2.780459e+01
5.336203e+01,-2.779541e+01
5.336203e+01,-2.779541e+01
5.336203e+01,-2.779541e+01
5.336203e+01,-2.779541e+01
5.336203e+01,-2.779541e+01
5.356853e+01,-2.782749e+01
5.356853e+01,-2.782749e+01
5.356853e+01,-2.782749e+01
5.356853e+01,-2.782749e+01
5.356853e+01,-2.782749e+01
5.334318e+01,-2.779698e+01
5.334318e+01,-2.779698e+01
5.334318e+01,-2.779698e+01
5.334318e+01,-2.779698e+01
5.334318e+01,-2.779698e+01
5.335045e+01,-2.778965e+01
5.335045e+01,-2.778965e+01
5.335045e+01,-2.778965e+01
5.335045e+01,-2.778965e+01
5.335045e+01,-2.778965e+01
5.335665e+01,-2.778388e+01
5.335665e+01,-2.778388e+01
5.335665e+01,-2.778388e+01
5.335665e+01,-2.778388e+01
5.335665e+01,-2.778388e+01
5.349409e+01,-2.777161e+01
5.349409e+01,-2.777161e+01
5.349409e+01,-2.777161e+01
5.349409e+01,-2.777161e+01
5.349409e+01,-2.777161e+01
5.350159e+01,-2.775861e+01
5.350159e+01,-2.775861e+01
5.350159e+01,-2.775861e+01
5.350159e+01,-2.775861e+01
5.350159e+01,-2.775861e+01
5.345000e+01,-2.775297e+01
5.345000e+01,-2.775297e+01
5.345000e+01,-2.775297e+01
5.345000e+01,-2.775297e+01
5.345000e+01,-2.775297e+01
5.350546e+01,-2.813722e+01
5.350546e+01,-2.813722e+01
5.350546e+01,-2.813722e+01
5.350546e+01,-2.813722e+01
5.350546e+01,-2.813722e+01
5.328096e+01,-2.788729e+01
5.328096e+01,-2.788729e+01
5.328096e+01,-2.788729e+01
5.328096e+01,-2.788729e+01
5.328096e+01,-2.788729e+01
5.290548e+01,-2.774500e+01
5.290548e+01,-2.774500e+01
5.290548e+01,-2.774500e+01
5.290548e+01,-2.774500e+01
5.290548e+01,-2.774500e+01
5.281295e+01,-2.773704e+01
5.281295e+01,-2.773704e+01
5.281295e+01,-2.773704e+01
5.292413e+01,-2.772718e+01
5.292413e+01,-2.772718e+01
5.292413e+01,-2.772718e+01
5.292413e+01,-2.772718e+01
5.292413e+01,-2.772718e+01
5.279256e+01,-2.771551e+01
5.279256e+01,-2.771551e+01
5.279256e+01,-2.771551e+01
5.279256e+01,-2.771551e+01
5.279256e+01,-2.771551e+01
5.287181e+01,-2.770145e+01
5.287181e+01,-2.770145e+01
5.287181e+01,-2.770145e+01
5.287181e+01,-2.770145e+01
5.287181e+01,-2.770145e+01
5.298459e+01,-2.770777e+01
5.298459e+01,-2.770777e+01
5.298459e+01,-2.770777e+01
5.298459e+01,-2.770777e+01
5.298459e+01,-2.770777e+01
5.288912e+01,-2.768810e+01
5.288912e+01,-2.768810e+01
5.288912e+01,-2.768810e+01
5.288912e+01,-2.768810e+01
5.288912e+01,-2.768810e+01
5.288627e+01,-2.768500e+01
5.288627e+01,-2.768500e+01
5.288627e+01,-2.768500e+01
5.288627e+01,-2.768500e+01
5.288627e+01,-2.768500e+01
5.288639e+01,-2.768395e+01
5.288639e+01,-2.768395e+01
5.288639e+01,-2.768395e+01
5.288639e+01,-2.768395e+01
5.288639e+01,-2.768395e+01
5.289587e+01,-2.767724e+01
5.289587e+01,-2.767724e+01
5.289587e+01,-2.767724e+01
5.289587e+01,-2.767724e+01
5.289587e+01,-2.767724e+01
5.286081e+01,-2.767549e+01
5.286081e+01,-2.767549e+01
5.286081e+01,-2.767549e+01
5.286081e+01,-2.767549e+01
5.286081e+01,-2.767549e+01
5.291893e+01,-2.766913e+01
5.291893e+01,-2.766913e+01
5.291893e+01,-2.766913e+01
5.291893e+01,-2.766913e+01
5.291893e+01,-2.766913e+01
5.288600e+01,-2.766225e+01
5.288600e+01,-2.766225e+01
5.288600e+01,-2.766225e+01
5.288600e+01,-2.766225e+01
5.288600e+01,-2.766225e+01
5.316405e+01,-2.764110e+01
5.316405e+01,-2.764110e+01
5.316405e+01,-2.764110e+01
5.316405e+01,-2.764110e+01
5.316405e+01,-2.764110e+01
5.313591e+01,-2.763182e+01
5.313591e+01,-2.763182e+01
5.313591e+01,-2.763182e+01
5.313591e+01,-2.763182e+01
5.313591e+01,-2.763182e+01
5.312710e+01,-2.769525e+01
5.312710e+01,-2.769525e+01
5.312710e+01,-2.769525e+01
5.312710e+01,-2.769525e+01
5.312710e+01,-2.769525e+01
5.314727e+01,-2.773875e+01
5.314727e+01,-2.773875e+01
5.314727e+01,-2.773875e+01
5.314727e+01,-2.773875e+01
5.314727e+01,-2.773875e+01
5.314629e+01,-2.773635e+01
5.314629e+01,-2.773635e+01
5.314629e+01,-2.773635e+01
5.314629e+01,-2.773635e+01
5.314629e+01,-2.773635e+01
5.304941e+01,-2.773711e+01
5.304941e+01,-2.773711e+01
5.304941e+01,-2.773711e+01
5.304941e+01,-2.773711e+01
5.304941e+01,-2.773711e+01
5.350438e+01,-2.773490e+01
5.350438e+01,-2.773490e+01
5.350438e+01,-2.773490e+01
5.350438e+01,-2.773490e+01
5.350438e+01,-2.773490e+01
5.348660e+01,-2.773202e+01
5.348660e+01,-2.773202e+01
5.348660e+01,-2.773202e+01
5.348660e+01,-2.773202e+01
5.348660e+01,-2.773202e+01
5.333877e+01,-2.772721e+01
5.333877e+01,-2.772721e+01
5.333877e+01,-2.772721e+01
5.333877e+01,-2.772721e+01
5.333877e+01,-2.772721e+01
5.327556e+01,-2.772717e+01
5.327556e+01,-2.772717e+01
5.327556e+01,-2.772717e+01
5.327556e+01,-2.772717e+01
5.327556e+01,-2.772717e+01
5.326295e+01,-2.772560e+01
5.326295e+01,-2.772560e+01
5.326295e+01,-2.772560e+01
5.326295e+01,-2.772560e+01
5.326295e+01,-2.772560e+01
5.311491e+01,-2.772548e+01
5.311491e+01,-2.772548e+01
5.311491e+01,-2.772548e+01
5.311491e+01,-2.772548e+01
5.311491e+01,-2.772548e+01
5.310830e+01,-2.772201e+01
5.310830e+01,-2.772201e+01
5.310830e+01,-2.772201e+01
5.310830e+01,-2.772201e+01
5.310830e+01,-2.772201e+01
5.330355e+01,-2.771981e+01
5.330355e+01,-2.771981e+01
5.330355e+01,-2.771981e+01
5.330355e+01,-2.771981e+01
5.330355e+01,-2.771981e+01
5.320129e+01,-2.771960e+01
5.320129e+01,-2.771960e+01
5.320129e+01,-2.771960e+01
5.320129e+01,-2.771960e+01
5.320129e+01,-2.771960e+01
5.317830e+01,-2.771768e+01
5.317830e+01,-2.771768e+01
5.317830e+01,-2.771768e+01
5.317830e+01,-2.771768e+01
5.317830e+01,-2.771768e+01
5.314850e+01,-2.771958e+01
5.314850e+01,-2.771958e+01
5.314850e+01,-2.771958e+01
5.314850e+01,-2.771958e+01
5.314850e+01,-2.771958e+01
5.320217e+01,-2.770786e+01
5.320217e+01,-2.770786e+01
5.320217e+01,-2.770786e+01
5.320217e+01,-2.770786e+01
5.320217e+01,-2.770786e+01
5.310979e+01,-2.770276e+01
5.310979e+01,-2.770276e+01
5.310979e+01,-2.770276e+01
5.310979e+01,-2.770276e+01
5.310979e+01,-2.770276e+01
5.322977e+01,-2.769790e+01
5.322977e+01,-2.769790e+01
5.322977e+01,-2.769790e+01
5.322977e+01,-2.769790e+01
5.322977e+01,-2.769790e+01
5.310974e+01,-2.769957e+01
5.310974e+01,-2.769957e+01
5.310974e+01,-2.769957e+01
5.310974e+01,-2.769957e+01
5.310974e+01,-2.769957e+01
5.338242e+01,-2.769029e+01
5.338242e+01,-2.769029e+01
5.338242e+01,-2.769029e+01
5.338242e+01,-2.769029e+01
5.338242e+01,-2.769029e+01
5.331917e+01,-2.768439e+01
5.331917e+01,-2.768439e+01
5.331917e+01,-2.768439e+01
5.331917e+01,-2.768439e+01
5.331917e+01,-2.768439e+01
5.331740e+01,-2.768404e+01
5.331740e+01,-2.768404e+01
5.331740e+01,-2.768404e+01
5.331740e+01,-2.768404e+01
5.331740e+01,-2.768404e+01
5.327214e+01,-2.768642e+01
5.327214e+01,-2.768642e+01
5.327214e+01,-2.768642e+01
5.327214e+01,-2.768642e+01
5.327214e+01,-2.768642e+01
5.318805e+01,-2.768542e+01
5.318805e+01,-2.768542e+01
5.318805e+01,-2.768542e+01
5.318805e+01,-2.768542e+01
5.318805e+01,-2.768542e+01
5.318773e+01,-2.768605e+01
5.318773e+01,-2.768605e+01
5.318773e+01,-2.768605e+01
5.318773e+01,-2.768605e+01
5.318773e+01,-2.768605e+01
5.333268e+01,-2.767335e+01
5.333268e+01,-2.767335e+01
5.333268e+01,-2.767335e+01
5.333268e+01,-2.767335e+01
5.333268e+01,-2.767335e+01
5.310985e+01,-2.767582e+01
5.310985e+01,-2.767582e+01
5.310985e+01,-2.767582e+01
5.310985e+01,-2.767582e+01
5.310985e+01,-2.767582e+01
5.308756e+01,-2.767501e+01
5.308756e+01,-2.767501e+01
5.308756e+01,-2.767501e+01
5.308756e+01,-2.767501e+01
5.308756e+01,-2.767501e+01
5.314775e+01,-2.767229e+01
5.314775e+01,-2.767229e+01
5.314775e+01,-2.767229e+01
5.314775e+01,-2.767229e+01
5.314775e+01,-2.767229e+01
5.319929e+01,-2.765224e+01
5.319929e+01,-2.765224e+01
5.319929e+01,-2.765224e+01
5.319929e+01,-2.765224e+01
5.319929e+01,-2.765224e+01
5.314279e+01,-2.764991e+01
5.314279e+01,-2.764991e+01
5.314279e+01,-2.764991e+01
5.314279e+01,-2.764991e+01
5.314279e+01,-2.764991e+01
5.332719e+01,-2.764036e+01
5.332719e+01,-2.764036e+01
5.332719e+01,-2.764036e+01
5.332719e+01,-2.764036e+01
5.332719e+01,-2.764036e+01
5.314095e+01,-2.764377e+01
5.314095e+01,-2.764377e+01
5.314095e+01,-2.764377e+01
5.314095e+01,-2.764377e+01
5.314095e+01,-2.764377e+01
5.313101e+01,-2.762815e+01
5.313101e+01,-2.762815e+01
5.313101e+01,-2.762815e+01
5.313101e+01,-2.762815e+01
5.313101e+01,-2.762815e+01
5.325660e+01,-2.761562e+01
5.325660e+01,-2.761562e+01
5.325660e+01,-2.761562e+01
5.325660e+01,-2.761562e+01
5.325660e+01,-2.761562e+01
5.316459e+01,-2.762029e+01
5.316459e+01,-2.762029e+01
5.316459e+01,-2.762029e+01
5.316459e+01,-2.762029e+01
5.316459e+01,-2.762029e+01
5.315112e+01,-2.761747e+01
5.315112e+01,-2.761747e+01
5.315112e+01,-2.761747e+01
5.315112e+01,-2.761747e+01
5.315112e+01,-2.761747e+01
5.325644e+01,-2.761408e+01
5.325644e+01,-2.761408e+01
5.325644e+01,-2.761408e+01
5.325644e+01,-2.761408e+01
5.325644e+01,-2.761408e+01
5.312173e+01,-2.760315e+01
5.312173e+01,-2.760315e+01
5.312173e+01,-2.760315e+01
5.312173e+01,-2.760315e+01
5.312173e+01,-2.760315e+01
